üçÜüí¶,185e217d80d797800bfa699afda708ee101ae664f8ea237d9fc3a3824b7c3ecb,0
Ergold,e91cbc48016eb390f8f872aa2962772863e2e840708517d1ab85e57451f91bed,0
COMET,0cd8c9f416e5b1ca9f986a7f10a84191dfb85941619e49e53c0dc30ebf83324b,0
One,c0f315e4adcb1463ca27988cb1d61668a539a5dd516f996f1f576567fbb0b158,3
NETA,472c3d4ecaa08fb7392ff041ee2e6af75f4a558810a74b28600549d5392810e8,6
SigUSD,03faf2cb329f2e90d6d23b58d91bbb6c046aa143261cc21f52fbe2824bfcbf04,2
SigRSV,003bd19d0187117f130b62e1bcab0939929ff5c7709f843c5c4dd158949285d0,0
ergopad,d71693c49a84fbbecd4908c94813b46514b18b67a99952dc1e6e4791556de413,2
EGIO,00b1e236b60b95c2c6f8007a9d89bc460fc9e78f98b09faec9449007b40bccf3,4
EXLE,007fd64d1ee54d78dd269c8930a38286caa28d3f29d27cadcb796418ab15c283,4
MiGoreng,0779ec04f2fae64e87418a1ad917639d4668f78484f45df962b0dec14a2591d2,0
ogre,6de6f46e5c3eca524d938d822e444b924dbffbe02e5d34bd9dcd4bbfe9e85940,0
$bass,ba553573f83c61be880d79db0f4068177fa75ab7c250ce3543f7e7aeb471a9d2,7
Paideia,1fd6e032e8476c4aa54c18c1a308dce83940e8f4a28f576440513ed7326ad489,4
Terahertz,02f31739e2e4937bb9afb552943753d1e3e9cdd1a5e5661949cb0cef93f907ea,4
EPOS,00bd762484086cf560d3127eb53f0769d76244d9737636b2699d55c56cd470bf,4
FLUX,e8b20745ee9d18817305f32eb21015831a48f02d40980de6e849f886dca7f807,8
WALRUS,59ee24951ce668f0ed32bdb2e2e5731b6c36128748a3b23c28407c5f8ccbf0f6,0
AHT,18c938e1924fc3eadc266e75ec02d81fe73b56e4e9f4e268dffffcb30387c42d,4
CYPX,01dce8a5632d19799950ff90bca3b5d0ca3ebfa8aaafd06f0cc6dd1e97150e7f,4
SPF,9a06d9e545a41fd51eeffc5e20d818073bf820c635e2a9d922269913e0de369d,6
QUACKS,089990451bb430f05a85f4ef3bcb6ebf852b3d6ee68d86d78658b9ccef20074f,6
$PROXIE,01ddcc3d0205c2da8a067ffe047a2ccfc3e8241bc3fcc6f6ebc96b7f7363bb36,6
PEPErg,91289d5cefb9d78e3ea248d4e9c5b0e3c3de54f64bfae85c0070580961995262,0
GreasyCex,d1d2ae2ac0456aa43550dd4fda45e4f866d523be9170d3a3e4cab43a83926334,0
ErgOne,fcfca7654fb0da57ecf9a3f489bcbeb1d43b56dce7e73b352f7bc6f2561d2a1b,8
hodlERG3,cbd75cfe1a4f37f9a22eaee516300e36ea82017073036f07a09c1d2e10277cda,9
GORT,7ba2a85fdb302a181578b1f64cb4a533d89b3f8de4159efece75da41041537f9,0
AuctionCoin,52f4544ce8a420d484ece16f9b984d81c23e46971ef5e37c29382ac50f80d5bd,0
